{"stats":{"minecraft:used":{"minecraft:water_bucket":12,"minecraft:orange_concrete":46,"minecraft:flint_and_steel":14,"minecraft:red_concrete":2,"minecraft:redstone":8,"minecraft:polished_andesite":271,"minecraft:oak_planks":122,"minecraft:blue_wool":37,"minecraft:ender_pearl":5,"minecraft:chest":8,"minecraft:shield":1,"minecraft:redstone_block":3,"minecraft:diamond_axe":5,"minecraft:dirt":72,"minecraft:light_blue_concrete":52,"minecraft:tnt":1,"minecraft:birch_sign":72,"minecraft:blue_concrete":116,"minecraft:obsidian":32,"minecraft:redstone_torch":9,"minecraft:brown_terracotta":86,"minecraft:sticky_piston":4,"minecraft:black_terracotta":4,"minecraft:glass":83,"minecraft:dark_prismarine":116,"minecraft:black_concrete":45,"minecraft:command_block":63,"minecraft:red_wool":34,"minecraft:grass_block":30,"minecraft:stone_button":17,"minecraft:warped_nylium":50,"minecraft:cyan_concrete":181,"minecraft:bedrock":26,"minecraft:diamond_sword":2,"minecraft:redstone_lamp":6,"minecraft:jungle_button":6,"minecraft:stripped_oak_wood":54,"minecraft:bucket":12,"minecraft:chain_command_block":2,"minecraft:repeating_command_block":4,"minecraft:oak_boat":27,"minecraft:orange_terracotta":5,"minecraft:splash_potion":3},"minecraft:mined":{"minecraft:grass_block":2},"minecraft:custom":{"minecraft:play_one_minute":96343,"minecraft:leave_game":6,"minecraft:time_since_death":130,"minecraft:time_since_rest":150,"minecraft:sprint_one_cm":98211,"minecraft:damage_taken":6144,"minecraft:walk_one_cm":179319,"minecraft:damage_blocked_by_shield":150,"minecraft:drop":846,"minecraft:damage_dealt":536,"minecraft:fly_one_cm":590511,"minecraft:player_kills":2,"minecraft:open_chest":8,"minecraft:crouch_one_cm":23390,"minecraft:deaths":26,"minecraft:sneak_time":8840,"minecraft:boat_one_cm":3155,"minecraft:jump":528,"minecraft:walk_on_water_one_cm":30,"minecraft:fall_one_cm":64163},"minecraft:picked_up":{"minecraft:jungle_button":2,"minecraft:redstone_torch":1,"minecraft:red_wool":1,"minecraft:redstone":1,"minecraft:birch_sign":1},"minecraft:dropped":{"minecraft:water_bucket":7,"minecraft:repeating_command_block":3,"minecraft:ender_pearl":1,"minecraft:sticky_piston":64,"minecraft:diamond_leggings":1,"minecraft:blue_wool":1,"minecraft:obsidian":54,"minecraft:oak_planks":2,"minecraft:blue_concrete":1,"minecraft:red_wool":2,"minecraft:command_block":14,"minecraft:activator_rail":64,"minecraft:bedrock":1,"minecraft:rail":64,"minecraft:grass_block":71,"minecraft:flint_and_steel":2,"minecraft:polished_andesite":69,"minecraft:dirt":1,"minecraft:redstone_lamp":64,"minecraft:tipped_arrow":448,"minecraft:stone":1,"minecraft:jungle_button":66,"minecraft:stone_button":69,"minecraft:diamond_chestplate":1,"minecraft:oak_boat":29,"minecraft:diamond_helmet":1,"minecraft:chest":2,"minecraft:redstone_torch":131,"minecraft:birch_sign":32,"minecraft:diamond_boots":1,"minecraft:cyan_concrete":1,"minecraft:glass":1,"minecraft:black_concrete":1,"minecraft:stripped_oak_wood":1,"minecraft:chain_command_block":1,"minecraft:dark_prismarine":64,"minecraft:redstone_block":1,"minecraft:redstone":4}},"DataVersion":2567}