{"stats":{"minecraft:mined":{"minecraft:blue_wool":1},"minecraft:killed_by":{"minecraft:player":3},"minecraft:dropped":{"minecraft:ender_eye":1},"minecraft:used":{"minecraft:diamond_sword":10,"minecraft:black_concrete":322,"minecraft:dirt":360,"minecraft:orange_concrete":30,"minecraft:grass_block":13,"minecraft:red_concrete":351,"minecraft:birch_sign":2,"minecraft:yellow_concrete":8,"minecraft:chain":1,"minecraft:chest":20,"minecraft:oak_boat":19,"minecraft:cyan_concrete":7,"minecraft:shield":1,"minecraft:diamond_axe":4},"minecraft:custom":{"minecraft:time_since_rest":4825,"minecraft:open_chest":8,"minecraft:crouch_one_cm":3470,"minecraft:play_one_minute":35779,"minecraft:sprint_one_cm":71094,"minecraft:deaths":5,"minecraft:damage_taken":4964,"minecraft:walk_one_cm":72073,"minecraft:sneak_time":1652,"minecraft:damage_blocked_by_shield":150,"minecraft:drop":1,"minecraft:boat_one_cm":7470,"minecraft:jump":536,"minecraft:damage_dealt":692,"minecraft:leave_game":2,"minecraft:time_since_death":4798,"minecraft:fall_one_cm":50209,"minecraft:fly_one_cm":278307,"minecraft:player_kills":2}},"DataVersion":2567}