{"stats":{"minecraft:killed_by":{"minecraft:player":2},"minecraft:killed":{"minecraft:villager":8},"minecraft:used":{"minecraft:fire_charge":53,"minecraft:black_concrete":99,"minecraft:dirt":3,"minecraft:rail":1,"minecraft:tnt":142,"minecraft:red_concrete":7,"minecraft:grass_block":5,"minecraft:tnt_minecart":59,"minecraft:oak_boat":4},"minecraft:dropped":{"minecraft:dirt":1,"minecraft:oak_planks":1,"minecraft:grass_block":2},"minecraft:custom":{"minecraft:time_since_rest":5358,"minecraft:open_chest":2,"minecraft:crouch_one_cm":571,"minecraft:play_one_minute":17516,"minecraft:deaths":2,"minecraft:sprint_one_cm":37170,"minecraft:damage_taken":717,"minecraft:walk_one_cm":43898,"minecraft:sneak_time":580,"minecraft:mob_kills":8,"minecraft:boat_one_cm":1462,"minecraft:drop":4,"minecraft:jump":333,"minecraft:damage_dealt":50,"minecraft:leave_game":2,"minecraft:time_since_death":5334,"minecraft:fall_one_cm":2739,"minecraft:fly_one_cm":289887,"minecraft:player_kills":1}},"DataVersion":2567}