{
  "mc_version": "1.16.1",
  "speedrunigt_version": "13.2+1.16.1",
  "category": "ANY",
  "run_type": "random_seed",
  "is_completed": false,
  "is_coop": false,
  "is_hardcore": false,
  "world_name": "Clutch Practice Map V1",
  "date": 1703723782818,
  "retimed_igt": 2993956,
  "final_igt": 2993956,
  "stats_igt": 0,
  "final_rta": 68218031,
  "open_lan": null,
  "timelines": [],
  "advancements": {
    "minecraft:adventure/adventuring_time": {
      "complete": false,
      "is_advancement": true,
      "criteria": {
        "minecraft:plains": {
          "igt": 0,
          "rta": 0
        }
      },
      "igt": 0,
      "rta": 0
    },
    "minecraft:recipes/building_blocks/polished_andesite_slab": {
      "complete": true,
      "is_advancement": false,
      "criteria": {
        "has_polished_andesite": {
          "igt": 90854,
          "rta": 124014
        },
        "has_the_recipe": {
          "igt": 90854,
          "rta": 124014
        }
      },
      "igt": 90854,
      "rta": 124052
    },
    "minecraft:recipes/building_blocks/polished_andesite_stairs_from_polished_andesite_stonecutting": {
      "complete": true,
      "is_advancement": false,
      "criteria": {
        "has_polished_andesite": {
          "igt": 90854,
          "rta": 124017
        },
        "has_the_recipe": {
          "igt": 90854,
          "rta": 124017
        }
      },
      "igt": 90854,
      "rta": 124052
    },
    "minecraft:recipes/building_blocks/polished_andesite_slab_from_polished_andesite_stonecutting": {
      "complete": true,
      "is_advancement": false,
      "criteria": {
        "has_polished_andesite": {
          "igt": 90854,
          "rta": 124016
        },
        "has_the_recipe": {
          "igt": 90854,
          "rta": 124016
        }
      },
      "igt": 90854,
      "rta": 124052
    },
    "minecraft:recipes/building_blocks/polished_andesite_stairs": {
      "complete": true,
      "is_advancement": false,
      "criteria": {
        "has_polished_andesite": {
          "igt": 90854,
          "rta": 124018
        },
        "has_the_recipe": {
          "igt": 90854,
          "rta": 124018
        }
      },
      "igt": 90854,
      "rta": 124052
    },
    "minecraft:recipes/building_blocks/polished_diorite_stairs": {
      "complete": true,
      "is_advancement": false,
      "criteria": {
        "has_polished_diorite": {
          "igt": 138354,
          "rta": 171517
        },
        "has_the_recipe": {
          "igt": 138354,
          "rta": 171517
        }
      },
      "igt": 138354,
      "rta": 171552
    },
    "minecraft:recipes/building_blocks/polished_diorite_slab": {
      "complete": true,
      "is_advancement": false,
      "criteria": {
        "has_polished_diorite": {
          "igt": 138354,
          "rta": 171517
        },
        "has_the_recipe": {
          "igt": 138354,
          "rta": 171517
        }
      },
      "igt": 138354,
      "rta": 171552
    },
    "minecraft:recipes/building_blocks/polished_diorite_stairs_from_polished_diorite_stonecutting": {
      "complete": true,
      "is_advancement": false,
      "criteria": {
        "has_polished_diorite": {
          "igt": 138354,
          "rta": 171518
        },
        "has_the_recipe": {
          "igt": 138354,
          "rta": 171518
        }
      },
      "igt": 138354,
      "rta": 171552
    },
    "minecraft:recipes/building_blocks/polished_diorite_slab_from_polished_diorite_stonecutting": {
      "complete": true,
      "is_advancement": false,
      "criteria": {
        "has_polished_diorite": {
          "igt": 138354,
          "rta": 171517
        },
        "has_the_recipe": {
          "igt": 138354,
          "rta": 171517
        }
      },
      "igt": 138354,
      "rta": 171552
    },
    "minecraft:recipes/building_blocks/polished_diorite_stairs_from_diorite_stonecutting": {
      "complete": true,
      "is_advancement": false,
      "criteria": {
        "has_diorite": {
          "igt": 138354,
          "rta": 171516
        },
        "has_the_recipe": {
          "igt": 138354,
          "rta": 171516
        }
      },
      "igt": 138354,
      "rta": 171552
    },
    "minecraft:recipes/building_blocks/polished_diorite_slab_from_diorite_stonecutting": {
      "complete": true,
      "is_advancement": false,
      "criteria": {
        "has_diorite": {
          "igt": 138354,
          "rta": 171517
        },
        "has_the_recipe": {
          "igt": 138354,
          "rta": 171517
        }
      },
      "igt": 138354,
      "rta": 171552
    },
    "minecraft:recipes/decorations/blue_banner": {
      "complete": true,
      "is_advancement": false,
      "criteria": {
        "has_blue_wool": {
          "igt": 148554,
          "rta": 181720
        },
        "has_the_recipe": {
          "igt": 148554,
          "rta": 181720
        }
      },
      "igt": 148554,
      "rta": 181751
    },
    "minecraft:recipes/decorations/blue_carpet": {
      "complete": true,
      "is_advancement": false,
      "criteria": {
        "has_blue_wool": {
          "igt": 148554,
          "rta": 181720
        },
        "has_the_recipe": {
          "igt": 148554,
          "rta": 181720
        }
      },
      "igt": 148554,
      "rta": 181751
    },
    "minecraft:recipes/decorations/blue_bed": {
      "complete": true,
      "is_advancement": false,
      "criteria": {
        "has_blue_wool": {
          "igt": 148554,
          "rta": 181720
        },
        "has_the_recipe": {
          "igt": 148554,
          "rta": 181720
        }
      },
      "igt": 148554,
      "rta": 181751
    },
    "minecraft:recipes/decorations/painting": {
      "complete": true,
      "is_advancement": false,
      "criteria": {
        "has_the_recipe": {
          "igt": 148554,
          "rta": 181720
        },
        "has_wool": {
          "igt": 148554,
          "rta": 181720
        }
      },
      "igt": 148554,
      "rta": 181751
    },
    "minecraft:recipes/decorations/chest": {
      "complete": true,
      "is_advancement": false,
      "criteria": {
        "has_lots_of_items": {
          "igt": 309404,
          "rta": 366651
        },
        "has_the_recipe": {
          "igt": 309404,
          "rta": 366651
        }
      },
      "igt": 309454,
      "rta": 366701
    },
    "minecraft:recipes/decorations/red_banner": {
      "complete": true,
      "is_advancement": false,
      "criteria": {
        "has_red_wool": {
          "igt": 335004,
          "rta": 402496
        },
        "has_the_recipe": {
          "igt": 335004,
          "rta": 402496
        }
      },
      "igt": 335004,
      "rta": 402502
    },
    "minecraft:recipes/decorations/red_carpet": {
      "complete": true,
      "is_advancement": false,
      "criteria": {
        "has_red_wool": {
          "igt": 335004,
          "rta": 402496
        },
        "has_the_recipe": {
          "igt": 335004,
          "rta": 402496
        }
      },
      "igt": 335004,
      "rta": 402502
    },
    "minecraft:recipes/decorations/red_bed": {
      "complete": true,
      "is_advancement": false,
      "criteria": {
        "has_red_wool": {
          "igt": 335004,
          "rta": 402496
        },
        "has_the_recipe": {
          "igt": 335004,
          "rta": 402496
        }
      },
      "igt": 335004,
      "rta": 402502
    },
    "minecraft:recipes/decorations/respawn_anchor": {
      "complete": true,
      "is_advancement": false,
      "criteria": {},
      "igt": 380506,
      "rta": 482937
    },
    "minecraft:story/iron_tools": {
      "complete": true,
      "is_advancement": true,
      "criteria": {},
      "igt": 380506,
      "rta": 482937
    },
    "minecraft:recipes/misc/iron_nugget_from_blasting": {
      "complete": true,
      "is_advancement": false,
      "criteria": {},
      "igt": 380506,
      "rta": 482937
    },
    "minecraft:recipes/building_blocks/cobblestone_stairs": {
      "complete": true,
      "is_advancement": false,
      "criteria": {},
      "igt": 380506,
      "rta": 482937
    },
    "minecraft:story/form_obsidian": {
      "complete": true,
      "is_advancement": true,
      "criteria": {},
      "igt": 380506,
      "rta": 482937
    },
    "minecraft:recipes/redstone/redstone_lamp": {
      "complete": true,
      "is_advancement": false,
      "criteria": {},
      "igt": 380506,
      "rta": 482937
    },
    "minecraft:recipes/decorations/yellow_bed_from_white_bed": {
      "complete": true,
      "is_advancement": false,
      "criteria": {},
      "igt": 380506,
      "rta": 482937
    },
    "minecraft:recipes/tools/stone_shovel": {
      "complete": true,
      "is_advancement": false,
      "criteria": {},
      "igt": 380506,
      "rta": 482937
    },
    "minecraft:recipes/building_blocks/cobblestone_stairs_from_cobblestone_stonecutting": {
      "complete": true,
      "is_advancement": false,
      "criteria": {},
      "igt": 380506,
      "rta": 482937
    },
    "minecraft:recipes/decorations/light_blue_bed_from_white_bed": {
      "complete": true,
      "is_advancement": false,
      "criteria": {},
      "igt": 380506,
      "rta": 482937
    },
    "minecraft:recipes/misc/gold_nugget_from_blasting": {
      "complete": true,
      "is_advancement": false,
      "criteria": {},
      "igt": 380506,
      "rta": 482937
    },
    "minecraft:nether/obtain_crying_obsidian": {
      "complete": true,
      "is_advancement": true,
      "criteria": {},
      "igt": 380506,
      "rta": 482937
    },
    "minecraft:recipes/misc/white_dye": {
      "complete": true,
      "is_advancement": false,
      "criteria": {},
      "igt": 380506,
      "rta": 482937
    },
    "minecraft:recipes/decorations/black_bed_from_white_bed": {
      "complete": true,
      "is_advancement": false,
      "criteria": {},
      "igt": 380506,
      "rta": 482937
    },
    "minecraft:recipes/building_blocks/cobblestone_slab": {
      "complete": true,
      "is_advancement": false,
      "criteria": {},
      "igt": 380506,
      "rta": 482937
    },
    "minecraft:recipes/tools/flint_and_steel": {
      "complete": true,
      "is_advancement": false,
      "criteria": {},
      "igt": 380506,
      "rta": 482937
    },
    "minecraft:recipes/transportation/spruce_boat": {
      "complete": true,
      "is_advancement": false,
      "criteria": {},
      "igt": 380506,
      "rta": 482937
    },
    "minecraft:recipes/redstone/lever": {
      "complete": true,
      "is_advancement": false,
      "criteria": {},
      "igt": 380506,
      "rta": 482937
    },
    "minecraft:recipes/food/cake": {
      "complete": true,
      "is_advancement": false,
      "criteria": {},
      "igt": 380506,
      "rta": 482937
    },
    "minecraft:recipes/decorations/gray_bed_from_white_bed": {
      "complete": true,
      "is_advancement": false,
      "criteria": {},
      "igt": 380506,
      "rta": 482938
    },
    "minecraft:recipes/transportation/oak_boat": {
      "complete": true,
      "is_advancement": false,
      "criteria": {},
      "igt": 380506,
      "rta": 482938
    },
    "minecraft:recipes/building_blocks/stone": {
      "complete": true,
      "is_advancement": false,
      "criteria": {},
      "igt": 380506,
      "rta": 482938
    },
    "minecraft:recipes/misc/gold_nugget_from_smelting": {
      "complete": true,
      "is_advancement": false,
      "criteria": {},
      "igt": 380506,
      "rta": 482938
    },
    "minecraft:recipes/decorations/pink_bed_from_white_bed": {
      "complete": true,
      "is_advancement": false,
      "criteria": {},
      "igt": 380506,
      "rta": 482938
    },
    "minecraft:husbandry/root": {
      "complete": true,
      "is_advancement": true,
      "criteria": {},
      "igt": 380506,
      "rta": 482938
    },
    "minecraft:recipes/transportation/birch_boat": {
      "complete": true,
      "is_advancement": false,
      "criteria": {},
      "igt": 380506,
      "rta": 482938
    },
    "minecraft:recipes/tools/stone_pickaxe": {
      "complete": true,
      "is_advancement": false,
      "criteria": {},
      "igt": 380506,
      "rta": 482938
    },
    "minecraft:recipes/brewing/cauldron": {
      "complete": true,
      "is_advancement": false,
      "criteria": {},
      "igt": 380506,
      "rta": 482938
    },
    "minecraft:recipes/combat/stone_sword": {
      "complete": true,
      "is_advancement": false,
      "criteria": {},
      "igt": 380506,
      "rta": 482938
    },
    "minecraft:adventure/root": {
      "complete": true,
      "is_advancement": true,
      "criteria": {},
      "igt": 380506,
      "rta": 482938
    },
    "minecraft:recipes/transportation/acacia_boat": {
      "complete": true,
      "is_advancement": false,
      "criteria": {},
      "igt": 380506,
      "rta": 482938
    },
    "minecraft:recipes/decorations/brown_bed_from_white_bed": {
      "complete": true,
      "is_advancement": false,
      "criteria": {},
      "igt": 380506,
      "rta": 482938
    },
    "minecraft:recipes/decorations/light_gray_bed_from_white_bed": {
      "complete": true,
      "is_advancement": false,
      "criteria": {},
      "igt": 380506,
      "rta": 482938
    },
    "minecraft:recipes/tools/stone_axe": {
      "complete": true,
      "is_advancement": false,
      "criteria": {},
      "igt": 380506,
      "rta": 482938
    },
    "minecraft:recipes/decorations/red_bed_from_white_bed": {
      "complete": true,
      "is_advancement": false,
      "criteria": {},
      "igt": 380506,
      "rta": 482938
    },
    "minecraft:recipes/decorations/cobblestone_wall": {
      "complete": true,
      "is_advancement": false,
      "criteria": {},
      "igt": 380506,
      "rta": 482938
    },
    "minecraft:end/kill_dragon": {
      "complete": true,
      "is_advancement": true,
      "criteria": {},
      "igt": 380506,
      "rta": 482938
    },
    "minecraft:adventure/ol_betsy": {
      "complete": true,
      "is_advancement": true,
      "criteria": {},
      "igt": 380506,
      "rta": 482938
    },
    "minecraft:recipes/decorations/purple_bed_from_white_bed": {
      "complete": true,
      "is_advancement": false,
      "criteria": {},
      "igt": 380506,
      "rta": 482938
    },
    "minecraft:recipes/decorations/furnace": {
      "complete": true,
      "is_advancement": false,
      "criteria": {},
      "igt": 380506,
      "rta": 482938
    },
    "minecraft:recipes/transportation/dark_oak_boat": {
      "complete": true,
      "is_advancement": false,
      "criteria": {},
      "igt": 380506,
      "rta": 482938
    },
    "minecraft:recipes/building_blocks/cobblestone_slab_from_cobblestone_stonecutting": {
      "complete": true,
      "is_advancement": false,
      "criteria": {},
      "igt": 380506,
      "rta": 482938
    },
    "minecraft:story/mine_stone": {
      "complete": true,
      "is_advancement": true,
      "criteria": {},
      "igt": 380506,
      "rta": 482938
    },
    "minecraft:recipes/building_blocks/bone_block": {
      "complete": true,
      "is_advancement": false,
      "criteria": {},
      "igt": 380506,
      "rta": 482938
    },
    "minecraft:adventure/shoot_arrow": {
      "complete": true,
      "is_advancement": true,
      "criteria": {},
      "igt": 380506,
      "rta": 482938
    },
    "minecraft:recipes/decorations/enchanting_table": {
      "complete": true,
      "is_advancement": false,
      "criteria": {},
      "igt": 380506,
      "rta": 482938
    },
    "minecraft:recipes/decorations/magenta_bed_from_white_bed": {
      "complete": true,
      "is_advancement": false,
      "criteria": {},
      "igt": 380506,
      "rta": 482938
    },
    "minecraft:recipes/decorations/cobblestone_wall_from_cobblestone_stonecutting": {
      "complete": true,
      "is_advancement": false,
      "criteria": {},
      "igt": 380506,
      "rta": 482938
    },
    "minecraft:recipes/tools/stone_hoe": {
      "complete": true,
      "is_advancement": false,
      "criteria": {},
      "igt": 380506,
      "rta": 482938
    },
    "minecraft:recipes/decorations/lime_bed_from_white_bed": {
      "complete": true,
      "is_advancement": false,
      "criteria": {},
      "igt": 380506,
      "rta": 482938
    },
    "minecraft:recipes/misc/iron_nugget_from_smelting": {
      "complete": true,
      "is_advancement": false,
      "criteria": {},
      "igt": 380506,
      "rta": 482938
    },
    "minecraft:recipes/decorations/blue_bed_from_white_bed": {
      "complete": true,
      "is_advancement": false,
      "criteria": {},
      "igt": 380506,
      "rta": 482938
    },
    "minecraft:recipes/decorations/green_bed_from_white_bed": {
      "complete": true,
      "is_advancement": false,
      "criteria": {},
      "igt": 380506,
      "rta": 482938
    },
    "minecraft:recipes/decorations/orange_bed_from_white_bed": {
      "complete": true,
      "is_advancement": false,
      "criteria": {},
      "igt": 380506,
      "rta": 482938
    },
    "minecraft:adventure/kill_a_mob": {
      "complete": true,
      "is_advancement": true,
      "criteria": {},
      "igt": 380506,
      "rta": 482938
    },
    "minecraft:recipes/transportation/jungle_boat": {
      "complete": true,
      "is_advancement": false,
      "criteria": {},
      "igt": 380506,
      "rta": 482938
    },
    "minecraft:recipes/decorations/cyan_bed_from_white_bed": {
      "complete": true,
      "is_advancement": false,
      "criteria": {},
      "igt": 380506,
      "rta": 482938
    },
    "minecraft:end/enter_end_gateway": {
      "complete": true,
      "is_advancement": true,
      "criteria": {
        "entered_end_gateway": {
          "igt": 403856,
          "rta": 506242
        }
      },
      "igt": 403856,
      "rta": 506263
    },
    "minecraft:nether/root": {
      "complete": true,
      "is_advancement": true,
      "criteria": {},
      "igt": 432228,
      "rta": 546217
    },
    "minecraft:recipes/misc/iron_ingot_from_blasting": {
      "complete": true,
      "is_advancement": false,
      "criteria": {},
      "igt": 432228,
      "rta": 546217
    },
    "minecraft:recipes/building_blocks/andesite": {
      "complete": true,
      "is_advancement": false,
      "criteria": {},
      "igt": 432228,
      "rta": 546217
    },
    "minecraft:recipes/building_blocks/diorite_slab_from_diorite_stonecutting": {
      "complete": true,
      "is_advancement": false,
      "criteria": {},
      "igt": 432228,
      "rta": 546217
    },
    "minecraft:recipes/redstone/oak_pressure_plate": {
      "complete": true,
      "is_advancement": false,
      "criteria": {},
      "igt": 432228,
      "rta": 546217
    },
    "minecraft:recipes/building_blocks/black_concrete_powder": {
      "complete": true,
      "is_advancement": false,
      "criteria": {},
      "igt": 432228,
      "rta": 546217
    },
    "minecraft:recipes/building_blocks/polished_diorite_from_diorite_stonecutting": {
      "complete": true,
      "is_advancement": false,
      "criteria": {},
      "igt": 432228,
      "rta": 546217
    },
    "minecraft:recipes/decorations/crafting_table": {
      "complete": true,
      "is_advancement": false,
      "criteria": {},
      "igt": 432228,
      "rta": 546217
    },
    "minecraft:recipes/building_blocks/lime_concrete_powder": {
      "complete": true,
      "is_advancement": false,
      "criteria": {},
      "igt": 432228,
      "rta": 546217
    },
    "minecraft:recipes/building_blocks/diorite_stairs_from_diorite_stonecutting": {
      "complete": true,
      "is_advancement": false,
      "criteria": {},
      "igt": 432228,
      "rta": 546217
    },
    "minecraft:recipes/building_blocks/gray_concrete_powder": {
      "complete": true,
      "is_advancement": false,
      "criteria": {},
      "igt": 432228,
      "rta": 546217
    },
    "minecraft:recipes/building_blocks/blue_concrete_powder": {
      "complete": true,
      "is_advancement": false,
      "criteria": {},
      "igt": 432228,
      "rta": 546217
    },
    "minecraft:recipes/building_blocks/granite_stairs_from_granite_stonecutting": {
      "complete": true,
      "is_advancement": false,
      "criteria": {},
      "igt": 432228,
      "rta": 546217
    },
    "minecraft:recipes/redstone/oak_trapdoor": {
      "complete": true,
      "is_advancement": false,
      "criteria": {},
      "igt": 432228,
      "rta": 546217
    },
    "minecraft:recipes/building_blocks/coarse_dirt": {
      "complete": true,
      "is_advancement": false,
      "criteria": {},
      "igt": 432228,
      "rta": 546217
    },
    "minecraft:recipes/building_blocks/diorite_slab": {
      "complete": true,
      "is_advancement": false,
      "criteria": {},
      "igt": 432228,
      "rta": 546217
    },
    "minecraft:recipes/building_blocks/glass": {
      "complete": true,
      "is_advancement": false,
      "criteria": {},
      "igt": 432228,
      "rta": 546217
    },
    "minecraft:recipes/building_blocks/red_concrete_powder": {
      "complete": true,
      "is_advancement": false,
      "criteria": {},
      "igt": 432228,
      "rta": 546217
    },
    "minecraft:recipes/building_blocks/yellow_concrete_powder": {
      "complete": true,
      "is_advancement": false,
      "criteria": {},
      "igt": 432228,
      "rta": 546217
    },
    "minecraft:recipes/building_blocks/light_gray_concrete_powder": {
      "complete": true,
      "is_advancement": false,
      "criteria": {},
      "igt": 432228,
      "rta": 546217
    },
    "minecraft:recipes/building_blocks/light_blue_concrete_powder": {
      "complete": true,
      "is_advancement": false,
      "criteria": {},
      "igt": 432228,
      "rta": 546217
    },
    "minecraft:recipes/building_blocks/polished_granite_from_granite_stonecutting": {
      "complete": true,
      "is_advancement": false,
      "criteria": {},
      "igt": 432228,
      "rta": 546217
    },
    "minecraft:recipes/building_blocks/granite_stairs": {
      "complete": true,
      "is_advancement": false,
      "criteria": {},
      "igt": 432228,
      "rta": 546217
    },
    "minecraft:recipes/building_blocks/pink_concrete_powder": {
      "complete": true,
      "is_advancement": false,
      "criteria": {},
      "igt": 432228,
      "rta": 546217
    },
    "minecraft:recipes/decorations/granite_wall": {
      "complete": true,
      "is_advancement": false,
      "criteria": {},
      "igt": 432228,
      "rta": 546217
    },
    "minecraft:recipes/decorations/oak_sign": {
      "complete": true,
      "is_advancement": false,
      "criteria": {},
      "igt": 432228,
      "rta": 546217
    },
    "minecraft:recipes/misc/stick": {
      "complete": true,
      "is_advancement": false,
      "criteria": {},
      "igt": 432228,
      "rta": 546217
    },
    "minecraft:recipes/building_blocks/granite_slab_from_granite_stonecutting": {
      "complete": true,
      "is_advancement": false,
      "criteria": {},
      "igt": 432228,
      "rta": 546217
    },
    "minecraft:recipes/building_blocks/diorite_stairs": {
      "complete": true,
      "is_advancement": false,
      "criteria": {},
      "igt": 432228,
      "rta": 546217
    },
    "minecraft:recipes/building_blocks/brown_concrete_powder": {
      "complete": true,
      "is_advancement": false,
      "criteria": {},
      "igt": 432228,
      "rta": 546217
    },
    "minecraft:recipes/building_blocks/magenta_concrete_powder": {
      "complete": true,
      "is_advancement": false,
      "criteria": {},
      "igt": 432228,
      "rta": 546217
    },
    "minecraft:recipes/building_blocks/orange_concrete_powder": {
      "complete": true,
      "is_advancement": false,
      "criteria": {},
      "igt": 432228,
      "rta": 546218
    },
    "minecraft:recipes/building_blocks/oak_slab": {
      "complete": true,
      "is_advancement": false,
      "criteria": {},
      "igt": 432228,
      "rta": 546218
    },
    "minecraft:recipes/building_blocks/polished_granite_slab_from_granite_stonecutting": {
      "complete": true,
      "is_advancement": false,
      "criteria": {},
      "igt": 432228,
      "rta": 546218
    },
    "minecraft:recipes/building_blocks/green_concrete_powder": {
      "complete": true,
      "is_advancement": false,
      "criteria": {},
      "igt": 432228,
      "rta": 546218
    },
    "minecraft:story/enter_the_nether": {
      "complete": true,
      "is_advancement": true,
      "criteria": {},
      "igt": 432228,
      "rta": 546218
    },
    "minecraft:recipes/decorations/diorite_wall": {
      "complete": true,
      "is_advancement": false,
      "criteria": {},
      "igt": 432228,
      "rta": 546218
    },
    "minecraft:recipes/misc/iron_ingot": {
      "complete": true,
      "is_advancement": false,
      "criteria": {},
      "igt": 432228,
      "rta": 546218
    },
    "minecraft:recipes/building_blocks/oak_stairs": {
      "complete": true,
      "is_advancement": false,
      "criteria": {},
      "igt": 432228,
      "rta": 546218
    },
    "minecraft:recipes/redstone/oak_button": {
      "complete": true,
      "is_advancement": false,
      "criteria": {},
      "igt": 432228,
      "rta": 546218
    },
    "minecraft:recipes/decorations/granite_wall_from_granite_stonecutting": {
      "complete": true,
      "is_advancement": false,
      "criteria": {},
      "igt": 432228,
      "rta": 546218
    },
    "minecraft:recipes/building_blocks/sandstone": {
      "complete": true,
      "is_advancement": false,
      "criteria": {},
      "igt": 432228,
      "rta": 546218
    },
    "minecraft:recipes/redstone/oak_door": {
      "complete": true,
      "is_advancement": false,
      "criteria": {},
      "igt": 432228,
      "rta": 546218
    },
    "minecraft:story/lava_bucket": {
      "complete": true,
      "is_advancement": true,
      "criteria": {},
      "igt": 432228,
      "rta": 546218
    },
    "minecraft:recipes/building_blocks/polished_granite": {
      "complete": true,
      "is_advancement": false,
      "criteria": {},
      "igt": 432228,
      "rta": 546218
    },
    "minecraft:recipes/building_blocks/polished_diorite": {
      "complete": true,
      "is_advancement": false,
      "criteria": {},
      "igt": 432228,
      "rta": 546218
    },
    "minecraft:recipes/decorations/snow": {
      "complete": true,
      "is_advancement": false,
      "criteria": {},
      "igt": 432228,
      "rta": 546218
    },
    "minecraft:recipes/decorations/oak_fence": {
      "complete": true,
      "is_advancement": false,
      "criteria": {},
      "igt": 432228,
      "rta": 546218
    },
    "minecraft:recipes/building_blocks/cyan_concrete_powder": {
      "complete": true,
      "is_advancement": false,
      "criteria": {},
      "igt": 432228,
      "rta": 546218
    },
    "minecraft:recipes/building_blocks/granite_slab": {
      "complete": true,
      "is_advancement": false,
      "criteria": {},
      "igt": 432228,
      "rta": 546218
    },
    "minecraft:recipes/decorations/barrel": {
      "complete": true,
      "is_advancement": false,
      "criteria": {},
      "igt": 432228,
      "rta": 546218
    },
    "minecraft:recipes/building_blocks/polished_granite_stairs_from_granite_stonecutting": {
      "complete": true,
      "is_advancement": false,
      "criteria": {},
      "igt": 432228,
      "rta": 546218
    },
    "minecraft:recipes/building_blocks/snow_block": {
      "complete": true,
      "is_advancement": false,
      "criteria": {},
      "igt": 432228,
      "rta": 546218
    },
    "minecraft:recipes/redstone/oak_fence_gate": {
      "complete": true,
      "is_advancement": false,
      "criteria": {},
      "igt": 432228,
      "rta": 546218
    },
    "minecraft:recipes/building_blocks/white_concrete_powder": {
      "complete": true,
      "is_advancement": false,
      "criteria": {},
      "igt": 432228,
      "rta": 546218
    },
    "minecraft:recipes/building_blocks/purple_concrete_powder": {
      "complete": true,
      "is_advancement": false,
      "criteria": {},
      "igt": 432228,
      "rta": 546218
    },
    "minecraft:recipes/decorations/diorite_wall_from_diorite_stonecutting": {
      "complete": true,
      "is_advancement": false,
      "criteria": {},
      "igt": 432228,
      "rta": 546218
    },
    "minecraft:recipes/redstone/redstone_torch": {
      "complete": true,
      "is_advancement": false,
      "criteria": {
        "has_redstone": {
          "igt": 752471,
          "rta": 1034429
        },
        "has_the_recipe": {
          "igt": 752471,
          "rta": 1034429
        }
      },
      "igt": 752521,
      "rta": 1034453
    },
    "minecraft:recipes/tools/compass": {
      "complete": true,
      "is_advancement": false,
      "criteria": {
        "has_redstone": {
          "igt": 752471,
          "rta": 1034427
        },
        "has_the_recipe": {
          "igt": 752471,
          "rta": 1034427
        }
      },
      "igt": 752521,
      "rta": 1034453
    },
    "minecraft:recipes/redstone/note_block": {
      "complete": true,
      "is_advancement": false,
      "criteria": {
        "has_redstone": {
          "igt": 752471,
          "rta": 1034429
        },
        "has_the_recipe": {
          "igt": 752471,
          "rta": 1034429
        }
      },
      "igt": 752521,
      "rta": 1034453
    },
    "minecraft:recipes/redstone/piston": {
      "complete": true,
      "is_advancement": false,
      "criteria": {
        "has_redstone": {
          "igt": 752471,
          "rta": 1034429
        },
        "has_the_recipe": {
          "igt": 752471,
          "rta": 1034429
        }
      },
      "igt": 752521,
      "rta": 1034453
    },
    "minecraft:recipes/redstone/dropper": {
      "complete": true,
      "is_advancement": false,
      "criteria": {
        "has_redstone": {
          "igt": 752471,
          "rta": 1034429
        },
        "has_the_recipe": {
          "igt": 752471,
          "rta": 1034429
        }
      },
      "igt": 752521,
      "rta": 1034453
    },
    "minecraft:recipes/tools/clock": {
      "complete": true,
      "is_advancement": false,
      "criteria": {
        "has_redstone": {
          "igt": 752471,
          "rta": 1034429
        },
        "has_the_recipe": {
          "igt": 752471,
          "rta": 1034429
        }
      },
      "igt": 752521,
      "rta": 1034453
    },
    "minecraft:recipes/redstone/redstone_block": {
      "complete": true,
      "is_advancement": false,
      "criteria": {
        "has_redstone": {
          "igt": 752471,
          "rta": 1034429
        },
        "has_the_recipe": {
          "igt": 752471,
          "rta": 1034429
        }
      },
      "igt": 752521,
      "rta": 1034453
    },
    "minecraft:recipes/redstone/target": {
      "complete": true,
      "is_advancement": false,
      "criteria": {
        "has_hay_block": {
          "igt": 752471,
          "rta": 1034429
        },
        "has_redstone": {
          "igt": 752471,
          "rta": 1034429
        },
        "has_the_recipe": {
          "igt": 752471,
          "rta": 1034429
        }
      },
      "igt": 752521,
      "rta": 1034453
    },
    "minecraft:recipes/building_blocks/oak_planks": {
      "complete": true,
      "is_advancement": false,
      "criteria": {
        "has_logs": {
          "igt": 845821,
          "rta": 1130477
        },
        "has_the_recipe": {
          "igt": 845821,
          "rta": 1130477
        }
      },
      "igt": 845871,
      "rta": 1130501
    },
    "minecraft:recipes/misc/charcoal": {
      "complete": true,
      "is_advancement": false,
      "criteria": {
        "has_log": {
          "igt": 845821,
          "rta": 1130478
        },
        "has_the_recipe": {
          "igt": 845821,
          "rta": 1130478
        }
      },
      "igt": 845871,
      "rta": 1130501
    },
    "minecraft:recipes/redstone/repeater": {
      "complete": true,
      "is_advancement": false,
      "criteria": {
        "has_redstone_torch": {
          "igt": 1076071,
          "rta": 1426633
        },
        "has_the_recipe": {
          "igt": 1076071,
          "rta": 1426633
        }
      },
      "igt": 1076071,
      "rta": 1426652
    },
    "minecraft:recipes/transportation/hopper_minecart": {
      "complete": true,
      "is_advancement": false,
      "criteria": {},
      "igt": 1188871,
      "rta": 57802930
    },
    "minecraft:recipes/building_blocks/chiseled_stone_bricks_stone_from_stonecutting": {
      "complete": true,
      "is_advancement": false,
      "criteria": {},
      "igt": 1188871,
      "rta": 57802930
    },
    "minecraft:story/shiny_gear": {
      "complete": true,
      "is_advancement": true,
      "criteria": {},
      "igt": 1188871,
      "rta": 57802930
    },
    "minecraft:recipes/decorations/nether_brick_wall": {
      "complete": true,
      "is_advancement": false,
      "criteria": {},
      "igt": 1188871,
      "rta": 57802930
    },
    "minecraft:recipes/building_blocks/white_stained_glass": {
      "complete": true,
      "is_advancement": false,
      "criteria": {},
      "igt": 1188871,
      "rta": 57802930
    },
    "minecraft:recipes/building_blocks/smooth_stone": {
      "complete": true,
      "is_advancement": false,
      "criteria": {},
      "igt": 1188871,
      "rta": 57802930
    },
    "minecraft:recipes/building_blocks/green_stained_glass": {
      "complete": true,
      "is_advancement": false,
      "criteria": {},
      "igt": 1188871,
      "rta": 57802930
    },
    "minecraft:recipes/building_blocks/stone_brick_slab_from_stone_stonecutting": {
      "complete": true,
      "is_advancement": false,
      "criteria": {},
      "igt": 1188871,
      "rta": 57802930
    },
    "minecraft:recipes/building_blocks/purple_stained_glass": {
      "complete": true,
      "is_advancement": false,
      "criteria": {},
      "igt": 1188871,
      "rta": 57802930
    },
    "minecraft:recipes/building_blocks/stone_slab_from_stone_stonecutting": {
      "complete": true,
      "is_advancement": false,
      "criteria": {},
      "igt": 1188871,
      "rta": 57802930
    },
    "minecraft:recipes/brewing/glass_bottle": {
      "complete": true,
      "is_advancement": false,
      "criteria": {},
      "igt": 1188871,
      "rta": 57802930
    },
    "minecraft:recipes/redstone/redstone": {
      "complete": true,
      "is_advancement": false,
      "criteria": {},
      "igt": 1188871,
      "rta": 57802930
    },
    "minecraft:recipes/building_blocks/stone_slab": {
      "complete": true,
      "is_advancement": false,
      "criteria": {},
      "igt": 1188871,
      "rta": 57802930
    },
    "minecraft:recipes/building_blocks/blue_stained_glass": {
      "complete": true,
      "is_advancement": false,
      "criteria": {},
      "igt": 1188871,
      "rta": 57802930
    },
    "minecraft:recipes/building_blocks/stone_bricks_from_stone_stonecutting": {
      "complete": true,
      "is_advancement": false,
      "criteria": {},
      "igt": 1188871,
      "rta": 57802930
    },
    "minecraft:recipes/building_blocks/chiseled_nether_bricks_from_nether_bricks_stonecutting": {
      "complete": true,
      "is_advancement": false,
      "criteria": {},
      "igt": 1188871,
      "rta": 57802930
    },
    "minecraft:recipes/building_blocks/black_stained_glass": {
      "complete": true,
      "is_advancement": false,
      "criteria": {},
      "igt": 1188871,
      "rta": 57802930
    },
    "minecraft:recipes/building_blocks/nether_brick_slab": {
      "complete": true,
      "is_advancement": false,
      "criteria": {},
      "igt": 1188871,
      "rta": 57802930
    },
    "minecraft:recipes/building_blocks/nether_brick_stairs_from_nether_bricks_stonecutting": {
      "complete": true,
      "is_advancement": false,
      "criteria": {},
      "igt": 1188871,
      "rta": 57802930
    },
    "minecraft:recipes/building_blocks/gray_stained_glass": {
      "complete": true,
      "is_advancement": false,
      "criteria": {},
      "igt": 1188871,
      "rta": 57802930
    },
    "minecraft:recipes/transportation/furnace_minecart": {
      "complete": true,
      "is_advancement": false,
      "criteria": {},
      "igt": 1188871,
      "rta": 57802930
    },
    "minecraft:recipes/building_blocks/stone_bricks": {
      "complete": true,
      "is_advancement": false,
      "criteria": {},
      "igt": 1188871,
      "rta": 57802930
    },
    "minecraft:recipes/decorations/orange_glazed_terracotta": {
      "complete": true,
      "is_advancement": false,
      "criteria": {},
      "igt": 1188871,
      "rta": 57802931
    },
    "minecraft:recipes/building_blocks/lime_stained_glass": {
      "complete": true,
      "is_advancement": false,
      "criteria": {},
      "igt": 1188871,
      "rta": 57802931
    },
    "minecraft:recipes/building_blocks/stone_brick_stairs_from_stone_stonecutting": {
      "complete": true,
      "is_advancement": false,
      "criteria": {},
      "igt": 1188871,
      "rta": 57802931
    },
    "minecraft:recipes/transportation/powered_rail": {
      "complete": true,
      "is_advancement": false,
      "criteria": {},
      "igt": 1188871,
      "rta": 57802931
    },
    "minecraft:recipes/decorations/glass_pane": {
      "complete": true,
      "is_advancement": false,
      "criteria": {},
      "igt": 1188871,
      "rta": 57802931
    },
    "minecraft:recipes/decorations/nether_brick_fence": {
      "complete": true,
      "is_advancement": false,
      "criteria": {},
      "igt": 1188871,
      "rta": 57802931
    },
    "minecraft:recipes/building_blocks/nether_brick_stairs": {
      "complete": true,
      "is_advancement": false,
      "criteria": {},
      "igt": 1188871,
      "rta": 57802931
    },
    "minecraft:recipes/decorations/black_glazed_terracotta": {
      "complete": true,
      "is_advancement": false,
      "criteria": {},
      "igt": 1188871,
      "rta": 57802931
    },
    "minecraft:recipes/building_blocks/nether_brick_slab_from_nether_bricks_stonecutting": {
      "complete": true,
      "is_advancement": false,
      "criteria": {},
      "igt": 1188871,
      "rta": 57802931
    },
    "minecraft:recipes/decorations/stone_brick_walls_from_stone_stonecutting": {
      "complete": true,
      "is_advancement": false,
      "criteria": {},
      "igt": 1188871,
      "rta": 57802931
    },
    "minecraft:recipes/transportation/tnt_minecart": {
      "complete": true,
      "is_advancement": false,
      "criteria": {},
      "igt": 1188871,
      "rta": 57802931
    },
    "minecraft:recipes/transportation/rail": {
      "complete": true,
      "is_advancement": false,
      "criteria": {},
      "igt": 1188871,
      "rta": 57802931
    },
    "minecraft:recipes/transportation/activator_rail": {
      "complete": true,
      "is_advancement": false,
      "criteria": {},
      "igt": 1188871,
      "rta": 57802931
    },
    "minecraft:recipes/building_blocks/brown_stained_glass": {
      "complete": true,
      "is_advancement": false,
      "criteria": {},
      "igt": 1188871,
      "rta": 57802931
    },
    "minecraft:recipes/building_blocks/chiseled_nether_bricks": {
      "complete": true,
      "is_advancement": false,
      "criteria": {},
      "igt": 1188871,
      "rta": 57802931
    },
    "minecraft:recipes/decorations/stonecutter": {
      "complete": true,
      "is_advancement": false,
      "criteria": {},
      "igt": 1188871,
      "rta": 57802931
    },
    "minecraft:recipes/building_blocks/stone_stairs": {
      "complete": true,
      "is_advancement": false,
      "criteria": {},
      "igt": 1188871,
      "rta": 57802931
    },
    "minecraft:recipes/building_blocks/yellow_stained_glass": {
      "complete": true,
      "is_advancement": false,
      "criteria": {},
      "igt": 1188871,
      "rta": 57802931
    },
    "minecraft:recipes/decorations/end_crystal": {
      "complete": true,
      "is_advancement": false,
      "criteria": {},
      "igt": 1188871,
      "rta": 57802931
    },
    "minecraft:recipes/building_blocks/light_gray_stained_glass": {
      "complete": true,
      "is_advancement": false,
      "criteria": {},
      "igt": 1188871,
      "rta": 57802931
    },
    "minecraft:recipes/building_blocks/orange_stained_glass": {
      "complete": true,
      "is_advancement": false,
      "criteria": {},
      "igt": 1188871,
      "rta": 57802931
    },
    "minecraft:recipes/transportation/chest_minecart": {
      "complete": true,
      "is_advancement": false,
      "criteria": {},
      "igt": 1188871,
      "rta": 57802931
    },
    "minecraft:recipes/building_blocks/red_stained_glass": {
      "complete": true,
      "is_advancement": false,
      "criteria": {},
      "igt": 1188871,
      "rta": 57802931
    },
    "minecraft:recipes/redstone/stone_pressure_plate": {
      "complete": true,
      "is_advancement": false,
      "criteria": {},
      "igt": 1188871,
      "rta": 57802931
    },
    "minecraft:recipes/building_blocks/cyan_stained_glass": {
      "complete": true,
      "is_advancement": false,
      "criteria": {},
      "igt": 1188871,
      "rta": 57802931
    },
    "minecraft:recipes/building_blocks/stone_stairs_from_stone_stonecutting": {
      "complete": true,
      "is_advancement": false,
      "criteria": {},
      "igt": 1188871,
      "rta": 57802931
    },
    "minecraft:recipes/decorations/brown_glazed_terracotta": {
      "complete": true,
      "is_advancement": false,
      "criteria": {},
      "igt": 1188871,
      "rta": 57802931
    },
    "minecraft:recipes/decorations/ender_chest": {
      "complete": true,
      "is_advancement": false,
      "criteria": {},
      "igt": 1188871,
      "rta": 57802931
    },
    "minecraft:recipes/transportation/detector_rail": {
      "complete": true,
      "is_advancement": false,
      "criteria": {},
      "igt": 1188871,
      "rta": 57802931
    },
    "minecraft:recipes/redstone/stone_button": {
      "complete": true,
      "is_advancement": false,
      "criteria": {},
      "igt": 1188871,
      "rta": 57802931
    },
    "minecraft:recipes/building_blocks/cracked_nether_bricks": {
      "complete": true,
      "is_advancement": false,
      "criteria": {},
      "igt": 1188871,
      "rta": 57802931
    },
    "minecraft:recipes/decorations/nether_brick_wall_from_nether_bricks_stonecutting": {
      "complete": true,
      "is_advancement": false,
      "criteria": {},
      "igt": 1188871,
      "rta": 57802932
    },
    "minecraft:recipes/building_blocks/pink_stained_glass": {
      "complete": true,
      "is_advancement": false,
      "criteria": {},
      "igt": 1188871,
      "rta": 57802932
    },
    "minecraft:recipes/building_blocks/light_blue_stained_glass": {
      "complete": true,
      "is_advancement": false,
      "criteria": {},
      "igt": 1188871,
      "rta": 57802932
    },
    "minecraft:recipes/building_blocks/magenta_stained_glass": {
      "complete": true,
      "is_advancement": false,
      "criteria": {},
      "igt": 1188871,
      "rta": 57802932
    },
    "minecraft:recipes/decorations/cyan_glazed_terracotta": {
      "complete": true,
      "is_advancement": false,
      "criteria": {
        "has_cyan_terracotta": {
          "igt": 1909272,
          "rta": 66792372
        },
        "has_the_recipe": {
          "igt": 1909272,
          "rta": 66792372
        }
      },
      "igt": 1909322,
      "rta": 66792405
    },
    "minecraft:recipes/decorations/warped_fence": {
      "complete": true,
      "is_advancement": false,
      "criteria": {
        "has_planks": {
          "igt": 2187472,
          "rta": 67220598
        },
        "has_the_recipe": {
          "igt": 2187472,
          "rta": 67220598
        }
      },
      "igt": 2187522,
      "rta": 67220605
    },
    "minecraft:recipes/redstone/warped_fence_gate": {
      "complete": true,
      "is_advancement": false,
      "criteria": {
        "has_planks": {
          "igt": 2187472,
          "rta": 67220597
        },
        "has_the_recipe": {
          "igt": 2187472,
          "rta": 67220597
        }
      },
      "igt": 2187522,
      "rta": 67220605
    },
    "minecraft:recipes/building_blocks/warped_slab": {
      "complete": true,
      "is_advancement": false,
      "criteria": {
        "has_planks": {
          "igt": 2187472,
          "rta": 67220597
        },
        "has_the_recipe": {
          "igt": 2187472,
          "rta": 67220597
        }
      },
      "igt": 2187522,
      "rta": 67220605
    },
    "minecraft:recipes/decorations/warped_sign": {
      "complete": true,
      "is_advancement": false,
      "criteria": {
        "has_the_recipe": {
          "igt": 2187472,
          "rta": 67220598
        },
        "has_warped_planks": {
          "igt": 2187472,
          "rta": 67220598
        }
      },
      "igt": 2187522,
      "rta": 67220605
    },
    "minecraft:recipes/redstone/warped_door": {
      "complete": true,
      "is_advancement": false,
      "criteria": {
        "has_planks": {
          "igt": 2187472,
          "rta": 67220597
        },
        "has_the_recipe": {
          "igt": 2187472,
          "rta": 67220597
        }
      },
      "igt": 2187522,
      "rta": 67220605
    },
    "minecraft:recipes/redstone/warped_button": {
      "complete": true,
      "is_advancement": false,
      "criteria": {
        "has_planks": {
          "igt": 2187472,
          "rta": 67220597
        },
        "has_the_recipe": {
          "igt": 2187472,
          "rta": 67220597
        }
      },
      "igt": 2187522,
      "rta": 67220605
    },
    "minecraft:recipes/redstone/warped_pressure_plate": {
      "complete": true,
      "is_advancement": false,
      "criteria": {
        "has_planks": {
          "igt": 2187472,
          "rta": 67220598
        },
        "has_the_recipe": {
          "igt": 2187472,
          "rta": 67220598
        }
      },
      "igt": 2187522,
      "rta": 67220605
    },
    "minecraft:recipes/building_blocks/warped_stairs": {
      "complete": true,
      "is_advancement": false,
      "criteria": {
        "has_planks": {
          "igt": 2187472,
          "rta": 67220597
        },
        "has_the_recipe": {
          "igt": 2187472,
          "rta": 67220597
        }
      },
      "igt": 2187522,
      "rta": 67220605
    },
    "minecraft:recipes/redstone/warped_trapdoor": {
      "complete": true,
      "is_advancement": false,
      "criteria": {
        "has_planks": {
          "igt": 2187472,
          "rta": 67220597
        },
        "has_the_recipe": {
          "igt": 2187472,
          "rta": 67220597
        }
      },
      "igt": 2187522,
      "rta": 67220605
    },
    "minecraft:recipes/building_blocks/dark_prismarine_slab_from_dark_prismarine_stonecutting": {
      "complete": true,
      "is_advancement": false,
      "criteria": {
        "has_dark_prismarine": {
          "igt": 2200822,
          "rta": 67233942
        },
        "has_the_recipe": {
          "igt": 2200822,
          "rta": 67233942
        }
      },
      "igt": 2200872,
      "rta": 67233954
    },
    "minecraft:recipes/building_blocks/dark_prismarine_stairs_from_dark_prismarine_stonecutting": {
      "complete": true,
      "is_advancement": false,
      "criteria": {
        "has_dark_prismarine": {
          "igt": 2200822,
          "rta": 67233941
        },
        "has_the_recipe": {
          "igt": 2200822,
          "rta": 67233941
        }
      },
      "igt": 2200872,
      "rta": 67233954
    },
    "minecraft:recipes/building_blocks/dark_prismarine_stairs": {
      "complete": true,
      "is_advancement": false,
      "criteria": {
        "has_dark_prismarine": {
          "igt": 2200822,
          "rta": 67233941
        },
        "has_the_recipe": {
          "igt": 2200822,
          "rta": 67233941
        }
      },
      "igt": 2200872,
      "rta": 67233954
    },
    "minecraft:recipes/building_blocks/dark_prismarine_slab": {
      "complete": true,
      "is_advancement": false,
      "criteria": {
        "has_dark_prismarine": {
          "igt": 2200822,
          "rta": 67233942
        },
        "has_the_recipe": {
          "igt": 2200822,
          "rta": 67233942
        }
      },
      "igt": 2200872,
      "rta": 67233954
    }
  },
  "stats": {
    "45dbfb35-e4df-4687-8fca-7137bcec4440": {
      "stats": {
        "minecraft:used": {
          "minecraft:water_bucket": 12,
          "minecraft:orange_concrete": 46,
          "minecraft:flint_and_steel": 14,
          "minecraft:red_concrete": 2,
          "minecraft:redstone": 8,
          "minecraft:polished_andesite": 271,
          "minecraft:oak_planks": 122,
          "minecraft:blue_wool": 37,
          "minecraft:ender_pearl": 5,
          "minecraft:chest": 8,
          "minecraft:shield": 1,
          "minecraft:redstone_block": 3,
          "minecraft:diamond_axe": 5,
          "minecraft:dirt": 72,
          "minecraft:light_blue_concrete": 52,
          "minecraft:tnt": 1,
          "minecraft:birch_sign": 72,
          "minecraft:blue_concrete": 116,
          "minecraft:obsidian": 32,
          "minecraft:redstone_torch": 9,
          "minecraft:brown_terracotta": 86,
          "minecraft:sticky_piston": 4,
          "minecraft:black_terracotta": 4,
          "minecraft:glass": 83,
          "minecraft:dark_prismarine": 116,
          "minecraft:black_concrete": 45,
          "minecraft:command_block": 63,
          "minecraft:red_wool": 34,
          "minecraft:grass_block": 30,
          "minecraft:stone_button": 17,
          "minecraft:warped_nylium": 50,
          "minecraft:cyan_concrete": 181,
          "minecraft:bedrock": 26,
          "minecraft:diamond_sword": 2,
          "minecraft:redstone_lamp": 6,
          "minecraft:jungle_button": 6,
          "minecraft:stripped_oak_wood": 54,
          "minecraft:bucket": 12,
          "minecraft:chain_command_block": 2,
          "minecraft:repeating_command_block": 4,
          "minecraft:oak_boat": 27,
          "minecraft:orange_terracotta": 5,
          "minecraft:splash_potion": 3
        },
        "minecraft:mined": {
          "minecraft:grass_block": 2
        },
        "minecraft:custom": {
          "minecraft:play_one_minute": 96339,
          "minecraft:leave_game": 5,
          "minecraft:time_since_death": 126,
          "minecraft:time_since_rest": 145,
          "minecraft:sprint_one_cm": 98211,
          "minecraft:damage_taken": 6144,
          "minecraft:walk_one_cm": 179319,
          "minecraft:damage_blocked_by_shield": 150,
          "minecraft:drop": 846,
          "minecraft:damage_dealt": 536,
          "minecraft:fly_one_cm": 590511,
          "minecraft:player_kills": 2,
          "minecraft:open_chest": 8,
          "minecraft:crouch_one_cm": 23390,
          "minecraft:deaths": 26,
          "minecraft:sneak_time": 8840,
          "minecraft:boat_one_cm": 3155,
          "minecraft:jump": 528,
          "minecraft:walk_on_water_one_cm": 30,
          "minecraft:fall_one_cm": 64163
        },
        "minecraft:picked_up": {
          "minecraft:jungle_button": 2,
          "minecraft:redstone_torch": 1,
          "minecraft:red_wool": 1,
          "minecraft:redstone": 1,
          "minecraft:birch_sign": 1
        },
        "minecraft:dropped": {
          "minecraft:water_bucket": 7,
          "minecraft:repeating_command_block": 3,
          "minecraft:ender_pearl": 1,
          "minecraft:sticky_piston": 64,
          "minecraft:diamond_leggings": 1,
          "minecraft:blue_wool": 1,
          "minecraft:obsidian": 54,
          "minecraft:oak_planks": 2,
          "minecraft:blue_concrete": 1,
          "minecraft:red_wool": 2,
          "minecraft:command_block": 14,
          "minecraft:activator_rail": 64,
          "minecraft:bedrock": 1,
          "minecraft:rail": 64,
          "minecraft:grass_block": 71,
          "minecraft:flint_and_steel": 2,
          "minecraft:polished_andesite": 69,
          "minecraft:dirt": 1,
          "minecraft:redstone_lamp": 64,
          "minecraft:tipped_arrow": 448,
          "minecraft:stone": 1,
          "minecraft:jungle_button": 66,
          "minecraft:stone_button": 69,
          "minecraft:diamond_chestplate": 1,
          "minecraft:oak_boat": 29,
          "minecraft:diamond_helmet": 1,
          "minecraft:chest": 2,
          "minecraft:redstone_torch": 131,
          "minecraft:birch_sign": 32,
          "minecraft:diamond_boots": 1,
          "minecraft:cyan_concrete": 1,
          "minecraft:glass": 1,
          "minecraft:black_concrete": 1,
          "minecraft:stripped_oak_wood": 1,
          "minecraft:chain_command_block": 1,
          "minecraft:dark_prismarine": 64,
          "minecraft:redstone_block": 1,
          "minecraft:redstone": 4
        }
      },
      "DataVersion": 2567
    }
  }
}